Query,Timestamp
ar16z,2025-01-01 19:13:35
zerebro,2025-01-01 19:19:32
zerebro,2025-01-01 20:10:16
zerebro,2025-01-01 20:11:18
MAXIMUS,2025-01-01 20:21:08
Aixbt,2025-01-01 20:24:02
virtual,2025-01-01 20:27:10
kekius,2025-01-01 20:27:42
Kektus,2025-01-01 20:43:01
Solana,2025-01-01 21:45:15
ETH,2025-01-01 21:48:59
ret,2025-01-01 22:02:14
doge,2025-01-01 22:03:38
aixbt,2025-01-01 22:03:42
kas,2025-01-01 22:03:43
kas,2025-01-01 22:04:04
MAXIMUS,2025-01-01 22:18:17
griffain,2025-01-01 22:18:39
HNRyYAYP9TKKyJBhydsbNALRdLPYuL5wcJGXAVVxpump,2025-01-01 22:19:49
zerebro,2025-01-01 22:33:18
bitcoin,2025-01-01 22:34:27
FZfLWKfWHRoyLtvWUBTQPD9q5TePUZi8UYkkvGapump,2025-01-01 22:36:59
alch,2025-01-01 22:38:04
ar16z,2025-01-01 22:49:27
HNRyYAYP9TKKyJBhydsbNALRdLPYuL5wcJGXAVVxpump,2025-01-01 22:49:57
ar16z -retweet,2025-01-01 22:50:05
ELON MUSK,2025-01-01 22:50:54
MAXIMUS,2025-01-01 22:50:59
etherium,2025-01-01 23:22:56
F9TbyMSdsYtWbyXhRXer3Mw5e7sc7ZkH22cwhZjLpump,2025-01-01 23:24:20
indegenuity,2025-01-01 23:24:55
